region_id,region_name,cell_id,position_x_m,position_y_m,position_z_m,normal_x,normal_y,normal_z,force_n,rpm,feed_speed_mm_s,step_over_ratio,pass_count,policy_action_force,policy_action_feed,roughness_before,roughness_after,scratch_before_um,scratch_after_um,ra_before_um,ra_after_um,rz_before_um,rz_after_um,clearcoat_initial_um,clearcoat_removed_um,clearcoat_remaining_um,clearcoat_remaining_min_um,gu_proxy_before,gu_proxy_after,gu_target_pass,ra_target_pass,rz_target_pass,scratch_improved,clearcoat_safe,overall_pass,failure_reason,tilt_deg,is_side,evaluation_mode,surface_seed,process_time_s,episode_completed,repolish_episodes
R1,bonnet,0,1.700,-0.480,0.960,-0.1000,0.0000,0.9950,8.398,3259,5.129,0.2700,4,+0.977,-0.184,0.2161,0.1756,1.3018,0.6211,0.1255,0.1349,1.6812,1.3267,44.67,1.7612,42.91,40.47,61.71,70.70,True,True,True,True,True,True,,5.7,False,flat_trained_bc_ppo_terminal_policy_inference,7101,374.3,True,1
R1,bonnet,1,1.700,-0.240,0.960,-0.1000,0.0000,0.9950,8.402,3259,5.291,0.2700,2,+0.984,-0.127,0.1954,0.1417,0.9629,0.6865,0.1347,0.1005,1.3657,1.1234,47.91,0.8538,47.06,44.09,61.12,70.95,True,True,True,True,True,True,,5.7,False,flat_trained_bc_ppo_terminal_policy_inference,7102,181.5,True,0
R1,bonnet,2,1.700,0.000,0.960,-0.1000,0.0000,0.9950,8.402,3259,5.273,0.2700,2,+0.987,-0.134,0.1653,0.1311,0.6206,0.3269,0.1195,0.1018,1.0088,0.7785,46.53,0.8570,45.67,42.79,55.77,71.29,True,True,True,True,True,True,,5.7,False,flat_trained_bc_ppo_terminal_policy_inference,7103,182.1,True,0
R1,bonnet,3,1.700,0.240,0.960,-0.1000,0.0000,0.9950,8.328,3259,4.827,0.2700,6,+0.913,-0.291,0.3071,0.2219,1.7980,0.3987,0.1845,0.1688,2.1751,1.3716,49.20,2.7827,46.42,43.05,57.50,70.40,True,True,True,True,True,True,,5.7,False,flat_trained_bc_ppo_terminal_policy_inference,7104,596.7,True,2
R1,bonnet,4,1.700,0.480,0.960,-0.1000,0.0000,0.9950,8.400,3259,5.362,0.2700,2,+0.984,-0.102,0.1893,0.1396,1.4676,1.1093,0.1073,0.0959,1.7682,1.3927,45.15,0.8424,44.31,41.88,60.24,70.32,True,True,True,True,True,True,,5.7,False,flat_trained_bc_ppo_terminal_policy_inference,7105,179.1,True,0
R1,bonnet,5,1.900,-0.480,0.980,-0.1000,0.0000,0.9950,8.315,3259,4.532,0.2700,6,+0.896,-0.396,0.2146,0.2137,1.0375,0.0883,0.1456,0.1600,1.3758,1.1419,43.39,2.9597,40.43,37.66,49.05,67.74,False,True,True,True,True,False,gu_below_target(67.7<70),5.7,False,flat_trained_bc_ppo_terminal_policy_inference,7106,635.5,True,2
R1,bonnet,6,1.900,-0.240,0.980,-0.1000,0.0000,0.9950,8.402,3259,5.280,0.2700,2,+0.984,-0.131,0.1613,0.1177,0.7176,0.4450,0.1122,0.0886,1.0729,0.8866,45.26,0.8556,44.40,41.37,55.45,71.05,True,True,True,True,True,True,,5.7,False,flat_trained_bc_ppo_terminal_policy_inference,7107,181.9,True,0
R1,bonnet,7,1.900,0.000,0.980,-0.1000,0.0000,0.9950,8.400,3259,5.178,0.2700,4,+0.980,-0.167,0.2861,0.1951,1.3410,0.5482,0.1898,0.1489,1.7697,1.3868,40.13,1.7444,38.39,35.94,50.42,64.72,False,True,True,True,True,False,gu_below_target(64.7<70);clearcoat_budget_exhausted,5.7,False,flat_trained_bc_ppo_terminal_policy_inference,7108,370.8,True,1
R1,bonnet,8,1.900,0.240,0.980,-0.1000,0.0000,0.9950,8.396,3259,4.973,0.2700,4,+0.970,-0.240,0.1914,0.1616,0.8961,0.1947,0.1342,0.1216,1.2688,0.8751,41.95,1.8154,40.13,37.29,55.08,69.18,False,True,True,True,True,False,gu_below_target(69.2<70),5.7,False,flat_trained_bc_ppo_terminal_policy_inference,7109,386.1,True,1
R1,bonnet,9,1.900,0.480,0.980,-0.1000,0.0000,0.9950,8.401,3259,5.332,0.2700,2,+0.984,-0.112,0.1909,0.1357,1.0593,0.7701,0.1238,0.0998,1.4694,1.1712,43.00,0.8472,42.15,39.91,57.47,70.21,True,True,True,True,True,True,,5.7,False,flat_trained_bc_ppo_terminal_policy_inference,7110,180.1,True,0
R1,bonnet,10,2.100,-0.480,1.000,-0.1000,0.0000,0.9950,8.397,3259,5.262,0.2700,4,+0.980,-0.137,0.2560,0.1795,1.6397,0.7251,0.1431,0.1381,1.9477,1.3554,47.97,1.7153,46.25,43.92,53.11,70.68,True,True,True,True,True,True,,5.7,False,flat_trained_bc_ppo_terminal_policy_inference,7111,364.9,True,1
R1,bonnet,11,2.100,-0.240,1.000,-0.1000,0.0000,0.9950,8.402,3259,5.283,0.2700,2,+0.986,-0.130,0.1791,0.1302,0.9483,0.6483,0.1210,0.0920,1.4055,1.1240,49.47,0.8553,48.61,45.88,56.64,71.42,True,True,True,True,True,True,,5.7,False,flat_trained_bc_ppo_terminal_policy_inference,7112,181.8,True,0
R1,bonnet,12,2.100,0.000,1.000,-0.1000,0.0000,0.9950,8.401,3259,5.306,0.2700,2,+0.987,-0.122,0.1952,0.1436,1.0777,0.6788,0.1202,0.1023,1.2653,1.0212,49.00,0.8516,48.15,45.81,58.98,71.07,True,True,True,True,True,True,,5.7,False,flat_trained_bc_ppo_terminal_policy_inference,7113,181.0,True,0
R1,bonnet,13,2.100,0.240,1.000,-0.1000,0.0000,0.9950,8.328,3259,4.616,0.2700,6,+0.904,-0.366,0.2434,0.2072,1.3847,0.1819,0.1452,0.1582,1.6036,1.1971,43.14,2.9109,40.23,38.96,56.91,68.19,False,True,True,True,True,False,gu_below_target(68.2<70),5.7,False,flat_trained_bc_ppo_terminal_policy_inference,7114,623.9,True,2
R1,bonnet,14,2.100,0.480,1.000,-0.1000,0.0000,0.9950,8.332,3259,4.593,0.2700,6,+0.906,-0.374,0.2555,0.2208,1.3351,0.2181,0.1548,0.1689,1.7804,1.2547,42.28,2.9280,39.35,36.14,58.26,65.86,False,True,True,True,True,False,gu_below_target(65.9<70),5.7,False,flat_trained_bc_ppo_terminal_policy_inference,7115,627.1,True,2
R1,bonnet,15,2.300,-0.480,1.020,-0.1000,0.0000,0.9950,8.403,3259,5.258,0.2700,2,+0.986,-0.139,0.1981,0.1325,1.0995,0.7899,0.1315,0.0903,1.4792,1.1303,41.89,0.8589,41.03,37.75,66.81,70.47,True,True,True,True,True,True,,5.7,False,flat_trained_bc_ppo_terminal_policy_inference,7116,182.6,True,0
R1,bonnet,16,2.300,-0.240,1.020,-0.1000,0.0000,0.9950,8.395,3259,5.099,0.2700,4,+0.972,-0.195,0.2562,0.1852,1.1744,0.4406,0.1791,0.1413,1.5984,1.1802,46.22,1.7707,44.45,40.22,51.21,70.80,True,True,True,True,True,True,,5.7,False,flat_trained_bc_ppo_terminal_policy_inference,7117,376.6,True,1
R1,bonnet,17,2.300,0.000,1.020,-0.1000,0.0000,0.9950,8.317,3259,4.581,0.2700,6,+0.898,-0.378,0.2574,0.2145,1.1759,0.1628,0.1784,0.1632,1.6855,1.2301,44.70,2.9290,41.77,38.28,50.15,68.37,False,True,True,True,True,False,gu_below_target(68.4<70),5.7,False,flat_trained_bc_ppo_terminal_policy_inference,7118,628.7,True,2
R1,bonnet,18,2.300,0.240,1.020,-0.1000,0.0000,0.9950,8.402,3259,5.290,0.2700,2,+0.985,-0.128,0.1656,0.1229,1.2678,0.8485,0.1111,0.0930,1.3765,1.0556,44.16,0.8540,43.31,41.48,51.37,70.33,True,True,True,True,True,True,,5.7,False,flat_trained_bc_ppo_terminal_policy_inference,7119,181.5,True,0
R1,bonnet,19,2.300,0.480,1.020,-0.1000,0.0000,0.9950,8.399,3259,5.178,0.2700,4,+0.979,-0.167,0.2569,0.1890,1.4908,0.6963,0.1556,0.1483,1.7712,1.2695,45.19,1.7450,43.45,41.01,61.28,70.19,True,True,True,True,True,True,,5.7,False,flat_trained_bc_ppo_terminal_policy_inference,7120,370.8,True,1
R1,bonnet,20,2.500,-0.480,1.040,-0.1000,0.0000,0.9950,8.398,3259,5.013,0.2700,4,+0.971,-0.225,0.2301,0.1486,1.0518,0.2490,0.1590,0.1141,1.4444,0.8900,40.93,1.8013,39.13,35.88,46.69,66.94,False,True,True,True,True,False,gu_below_target(66.9<70);clearcoat_budget_exhausted,5.7,False,flat_trained_bc_ppo_terminal_policy_inference,7121,383.0,True,1
R1,bonnet,21,2.500,-0.240,1.040,-0.1000,0.0000,0.9950,8.400,3259,5.223,0.2700,4,+0.983,-0.151,0.3060,0.2133,1.8412,1.0846,0.1782,0.1525,2.2017,1.7762,40.59,1.7294,38.86,36.44,53.14,64.77,False,True,True,True,True,False,gu_below_target(64.8<70);clearcoat_budget_exhausted,5.7,False,flat_trained_bc_ppo_terminal_policy_inference,7122,367.6,True,1
R1,bonnet,22,2.500,0.000,1.040,-0.1000,0.0000,0.9950,8.333,3259,4.628,0.2700,6,+0.907,-0.362,0.2001,0.2050,1.3841,0.2450,0.1115,0.1537,1.7659,1.3098,43.14,2.9051,40.23,37.31,53.85,67.82,False,True,True,True,True,False,gu_below_target(67.8<70),5.7,False,flat_trained_bc_ppo_terminal_policy_inference,7123,622.3,True,2
R1,bonnet,23,2.500,0.240,1.040,-0.1000,0.0000,0.9950,8.395,3259,5.065,0.2700,4,+0.972,-0.207,0.2347,0.1826,0.9398,0.3249,0.1660,0.1445,1.5099,1.0778,47.74,1.7825,45.96,43.40,49.79,71.10,True,True,True,True,True,True,,5.7,False,flat_trained_bc_ppo_terminal_policy_inference,7124,379.1,True,1
R1,bonnet,24,2.500,0.480,1.040,-0.1000,0.0000,0.9950,8.351,3259,4.883,0.2700,6,+0.926,-0.272,0.3267,0.2312,1.6514,0.3677,0.2079,0.1772,2.0002,1.4504,46.21,2.7587,43.45,40.72,51.93,69.28,False,True,True,True,True,False,gu_below_target(69.3<70),5.7,False,flat_trained_bc_ppo_terminal_policy_inference,7125,589.8,True,2
R2,roof,0,-0.080,-0.440,1.450,0.0000,0.0000,1.0000,8.350,3259,4.799,0.2700,6,+0.925,-0.301,0.3952,0.2756,1.6573,0.6219,0.2505,0.2158,2.1863,1.7066,40.24,2.8093,37.43,35.93,54.69,60.97,False,False,True,True,True,False,gu_below_target(61.0<70);ra_above_target(0.216>0.20),0.0,False,flat_trained_bc_ppo_terminal_policy_inference,7202,600.2,True,2
R2,roof,1,-0.080,-0.220,1.450,0.0000,0.0000,1.0000,8.392,3259,4.980,0.2700,4,+0.965,-0.237,0.1904,0.1445,0.7542,0.1782,0.1350,0.1133,1.2128,0.8336,46.72,1.8121,44.91,41.84,52.08,71.86,True,True,True,True,True,True,,0.0,False,flat_trained_bc_ppo_terminal_policy_inference,7203,385.5,True,1
R2,roof,2,-0.080,0.000,1.450,0.0000,0.0000,1.0000,8.407,3259,5.082,0.2700,2,+0.984,-0.201,0.1112,0.0970,0.5081,0.2209,0.0813,0.0747,0.8422,0.6208,40.13,0.8892,39.24,35.48,54.45,69.81,False,True,True,True,True,False,gu_below_target(69.8<70);clearcoat_budget_exhausted,0.0,False,flat_trained_bc_ppo_terminal_policy_inference,7204,188.9,True,0
R2,roof,3,-0.080,0.220,1.450,0.0000,0.0000,1.0000,8.395,3259,5.070,0.2700,4,+0.971,-0.205,0.2379,0.1861,1.0568,0.3396,0.1678,0.1451,1.6114,1.0494,46.01,1.7805,44.23,40.64,57.28,70.85,True,True,True,True,True,True,,0.0,False,flat_trained_bc_ppo_terminal_policy_inference,7205,378.7,True,1
R2,roof,4,-0.080,0.440,1.450,0.0000,0.0000,1.0000,8.396,3259,5.267,0.2700,4,+0.977,-0.135,0.3079,0.2057,1.7232,0.7944,0.1869,0.1544,2.0216,1.5726,49.18,1.7147,47.47,44.34,56.95,70.15,True,True,True,True,True,True,,0.0,False,flat_trained_bc_ppo_terminal_policy_inference,7206,364.5,True,1
R2,roof,5,0.160,-0.440,1.450,0.0000,0.0000,1.0000,8.344,3259,4.851,0.2700,6,+0.920,-0.283,0.3139,0.2230,1.7250,0.4857,0.2004,0.1709,2.0139,1.3529,47.88,2.7746,45.11,44.46,52.16,69.98,False,True,True,True,True,False,gu_below_target(70.0<70),0.0,False,flat_trained_bc_ppo_terminal_policy_inference,7207,593.7,True,2
R2,roof,6,0.160,-0.220,1.450,0.0000,0.0000,1.0000,8.398,3259,5.129,0.2700,4,+0.975,-0.184,0.2060,0.1629,1.2281,0.4550,0.1315,0.1262,1.5528,1.1396,45.46,1.7607,43.70,39.75,57.61,71.18,True,True,True,True,True,True,,0.0,False,flat_trained_bc_ppo_terminal_policy_inference,7208,374.4,True,1
R2,roof,7,0.160,0.000,1.450,0.0000,0.0000,1.0000,8.403,3259,5.253,0.2700,2,+0.984,-0.141,0.1614,0.1039,0.7557,0.3893,0.1155,0.0784,1.1015,0.7856,45.99,0.8602,45.13,42.23,60.72,72.10,True,True,True,True,True,True,,0.0,False,flat_trained_bc_ppo_terminal_policy_inference,7209,182.8,True,0
R2,roof,8,0.160,0.220,1.450,0.0000,0.0000,1.0000,8.403,3259,5.254,0.2700,2,+0.984,-0.140,0.1430,0.1139,0.6192,0.2323,0.1022,0.0896,0.8530,0.7032,46.16,0.8602,45.30,42.94,59.20,72.19,True,True,True,True,True,True,,0.0,False,flat_trained_bc_ppo_terminal_policy_inference,7210,182.8,True,0
R2,roof,9,0.160,0.440,1.450,0.0000,0.0000,1.0000,8.338,3259,4.669,0.2700,6,+0.912,-0.347,0.2754,0.2212,1.5031,0.3056,0.1565,0.1711,1.8328,1.4020,40.68,2.8803,37.80,35.70,59.31,64.18,False,True,True,True,True,False,gu_below_target(64.2<70),0.0,False,flat_trained_bc_ppo_terminal_policy_inference,7211,616.9,True,2
R2,roof,10,0.400,-0.440,1.450,0.0000,0.0000,1.0000,8.330,3259,4.748,0.2700,6,+0.911,-0.319,0.3023,0.2245,1.7203,0.3545,0.1810,0.1672,1.9368,1.2529,46.28,2.8275,43.45,40.85,48.71,69.54,False,True,True,True,True,False,gu_below_target(69.5<70),0.0,False,flat_trained_bc_ppo_terminal_policy_inference,7212,606.6,True,2
R2,roof,11,0.400,-0.220,1.450,0.0000,0.0000,1.0000,8.324,3259,4.627,0.2700,6,+0.905,-0.362,0.2984,0.2293,1.2550,0.2526,0.2117,0.1730,1.7795,1.2653,43.38,2.9021,40.48,36.47,53.18,66.80,False,True,True,True,True,False,gu_below_target(66.8<70),0.0,False,flat_trained_bc_ppo_terminal_policy_inference,7213,622.5,True,2
R2,roof,12,0.400,0.000,1.450,0.0000,0.0000,1.0000,8.404,3259,5.199,0.2700,2,+0.986,-0.160,0.1549,0.1110,0.5784,0.1940,0.1167,0.0838,1.0044,0.7986,42.80,0.8691,41.93,38.04,53.87,70.38,True,True,True,True,True,True,,0.0,False,flat_trained_bc_ppo_terminal_policy_inference,7214,184.7,True,0
R2,roof,13,0.400,0.220,1.450,0.0000,0.0000,1.0000,8.404,3259,5.186,0.2700,2,+0.985,-0.164,0.1465,0.1019,0.5728,0.1791,0.1106,0.0823,0.9058,0.5866,45.55,0.8714,44.68,41.92,46.79,70.74,True,True,True,True,True,True,,0.0,False,flat_trained_bc_ppo_terminal_policy_inference,7215,185.2,True,0
R2,roof,14,0.400,0.440,1.450,0.0000,0.0000,1.0000,8.402,3259,5.309,0.2700,2,+0.986,-0.121,0.1353,0.1171,1.0830,0.6063,0.0770,0.0838,1.2321,1.0418,46.60,0.8508,45.75,45.14,59.64,72.17,True,True,True,True,True,True,,0.0,False,flat_trained_bc_ppo_terminal_policy_inference,7216,180.9,True,0
R2,roof,15,0.640,-0.440,1.450,0.0000,0.0000,1.0000,8.397,3259,5.010,0.2700,4,+0.971,-0.227,0.2026,0.1555,0.8603,0.2114,0.1399,0.1231,1.2119,0.8630,43.19,1.8026,41.39,40.80,52.55,71.00,True,True,True,True,True,True,,0.0,False,flat_trained_bc_ppo_terminal_policy_inference,7217,383.3,True,1
R2,roof,16,0.640,-0.220,1.450,0.0000,0.0000,1.0000,8.404,3259,5.199,0.2700,2,+0.987,-0.160,0.1479,0.1062,0.5261,0.3014,0.1123,0.0852,0.9381,0.6166,46.63,0.8692,45.76,42.32,54.14,71.81,True,True,True,True,True,True,,0.0,False,flat_trained_bc_ppo_terminal_policy_inference,7218,184.7,True,0
R2,roof,17,0.640,0.000,1.450,0.0000,0.0000,1.0000,8.395,3259,5.060,0.2700,4,+0.971,-0.209,0.2426,0.1815,0.9631,0.2258,0.1770,0.1437,1.4623,1.0617,45.58,1.7845,43.80,40.30,55.90,70.85,True,True,True,True,True,True,,0.0,False,flat_trained_bc_ppo_terminal_policy_inference,7219,379.5,True,1
R2,roof,18,0.640,0.220,1.450,0.0000,0.0000,1.0000,8.395,3259,5.206,0.2700,4,+0.975,-0.157,0.2697,0.1806,1.3111,0.6030,0.1658,0.1381,1.7548,1.2209,47.45,1.7347,45.72,43.37,55.02,70.38,True,True,True,True,True,True,,0.0,False,flat_trained_bc_ppo_terminal_policy_inference,7220,368.8,True,1
R2,roof,19,0.640,0.440,1.450,0.0000,0.0000,1.0000,8.404,3259,5.220,0.2700,2,+0.986,-0.152,0.1283,0.1037,0.6665,0.3295,0.0919,0.0802,0.9784,0.7047,46.50,0.8658,45.63,42.70,60.99,72.81,True,True,True,True,True,True,,0.0,False,flat_trained_bc_ppo_terminal_policy_inference,7221,184.0,True,0
R2,roof,20,0.880,-0.440,1.450,0.0000,0.0000,1.0000,8.346,3259,4.829,0.2700,6,+0.924,-0.291,0.3437,0.2464,1.6429,0.3338,0.2194,0.1880,1.9937,1.4345,43.44,2.7867,40.65,39.03,50.98,68.18,False,True,True,True,True,False,gu_below_target(68.2<70),0.0,False,flat_trained_bc_ppo_terminal_policy_inference,7222,596.4,True,2
R2,roof,21,0.880,-0.220,1.450,0.0000,0.0000,1.0000,8.326,3259,4.625,0.2700,6,+0.905,-0.363,0.2597,0.2132,1.2673,0.2192,0.1774,0.1605,1.7476,1.2294,44.09,2.9050,41.19,37.64,49.43,67.70,False,True,True,True,True,False,gu_below_target(67.7<70),0.0,False,flat_trained_bc_ppo_terminal_policy_inference,7223,622.8,True,2
R2,roof,22,0.880,0.000,1.450,0.0000,0.0000,1.0000,8.402,3259,5.260,0.2700,2,+0.984,-0.138,0.1711,0.1272,0.8154,0.4405,0.1239,0.0952,1.2179,0.9441,49.63,0.8591,48.77,45.71,66.75,72.84,True,True,True,True,True,True,,0.0,False,flat_trained_bc_ppo_terminal_policy_inference,7224,182.6,True,0
R2,roof,23,0.880,0.220,1.450,0.0000,0.0000,1.0000,8.405,3259,5.138,0.2700,2,+0.985,-0.181,0.1031,0.1044,0.5589,0.2254,0.0763,0.0833,0.7582,0.5470,43.68,0.8799,42.80,39.40,67.50,73.33,True,True,True,True,True,True,,0.0,False,flat_trained_bc_ppo_terminal_policy_inference,7225,186.9,True,0
R2,roof,24,0.880,0.440,1.450,0.0000,0.0000,1.0000,8.402,3259,5.266,0.2700,2,+0.984,-0.136,0.1359,0.1175,0.7782,0.4603,0.0904,0.0927,1.0195,0.7664,49.14,0.8579,48.28,47.96,55.70,72.52,True,True,True,True,True,True,,0.0,False,flat_trained_bc_ppo_terminal_policy_inference,7226,182.3,True,0
R3,door_left,0,0.020,0.850,0.595,0.0000,1.0000,0.0000,3.471,4648,5.748,0.2620,9,-0.058,-0.334,0.2810,0.2101,1.2281,0.3293,0.1802,0.1703,1.5811,1.2086,42.39,2.0851,40.30,37.97,54.65,68.24,False,True,True,True,True,False,gu_below_target(68.2<70),90.0,True,flat_trained_bc_ppo_terminal_policy_inference,7303,751.6,True,2
R3,door_left,1,0.020,0.850,0.685,0.0000,1.0000,0.0000,3.469,4648,6.142,0.2620,3,+0.022,-0.220,0.1539,0.1076,0.6043,0.3294,0.1125,0.0829,0.9789,0.7747,47.90,0.6500,47.25,45.19,57.19,71.31,True,True,True,True,True,True,,90.0,True,flat_trained_bc_ppo_terminal_policy_inference,7304,234.5,True,0
R3,door_left,2,0.020,0.850,0.775,0.0000,1.0000,0.0000,3.468,4648,6.188,0.2620,3,+0.016,-0.206,0.1441,0.0980,0.6057,0.3684,0.0996,0.0746,0.9358,0.6945,47.58,0.6450,46.93,43.93,60.66,71.91,True,True,True,True,True,True,,90.0,True,flat_trained_bc_ppo_terminal_policy_inference,7305,232.8,True,0
R3,door_left,3,0.020,0.850,0.865,0.0000,1.0000,0.0000,3.471,4648,5.765,0.2620,9,-0.107,-0.329,0.2192,0.1821,0.9291,0.1463,0.1480,0.1410,1.3005,1.0718,42.41,2.0784,40.33,36.96,57.01,68.52,False,True,True,True,True,False,gu_below_target(68.5<70),90.0,True,flat_trained_bc_ppo_terminal_policy_inference,7306,749.4,True,2
R3,door_left,4,0.020,0.850,0.955,0.0000,1.0000,0.0000,3.470,4648,5.886,0.2620,6,-0.078,-0.294,0.1610,0.1343,0.8562,0.2665,0.1066,0.1064,1.1723,0.8805,40.43,1.3570,39.07,35.61,53.66,68.03,False,True,True,True,True,False,gu_below_target(68.0<70);clearcoat_budget_exhausted,90.0,True,flat_trained_bc_ppo_terminal_policy_inference,7307,489.3,True,1
R3,door_left,5,0.260,0.850,0.595,0.0000,1.0000,0.0000,3.469,4648,6.142,0.2620,3,-0.067,-0.220,0.1318,0.0979,0.4057,0.2247,0.1012,0.0761,0.8325,0.6245,41.20,0.6499,40.55,39.22,55.42,71.65,True,True,True,True,True,True,,90.0,True,flat_trained_bc_ppo_terminal_policy_inference,7308,234.5,True,0
R3,door_left,6,0.260,0.850,0.685,0.0000,1.0000,0.0000,3.468,4648,6.173,0.2620,3,-0.007,-0.211,0.1786,0.1181,0.7052,0.3841,0.1358,0.0871,1.0768,0.8558,43.35,0.6467,42.70,40.31,59.57,70.15,True,True,True,True,True,True,,90.0,True,flat_trained_bc_ppo_terminal_policy_inference,7309,233.3,True,0
R3,door_left,7,0.260,0.850,0.775,0.0000,1.0000,0.0000,3.470,4648,5.837,0.2620,9,+0.026,-0.308,0.3124,0.2499,1.7567,0.7918,0.1880,0.1957,2.1217,1.7098,49.36,2.0525,47.31,45.42,59.53,70.35,True,True,True,True,True,True,,90.0,True,flat_trained_bc_ppo_terminal_policy_inference,7310,740.2,True,2
R3,door_left,8,0.260,0.850,0.865,0.0000,1.0000,0.0000,3.471,4648,5.760,0.2620,9,-0.056,-0.330,0.3123,0.2423,1.6111,0.5768,0.1867,0.1900,1.9776,1.5996,41.68,2.0803,39.60,35.94,58.20,65.60,False,True,True,True,True,False,gu_below_target(65.6<70),90.0,True,flat_trained_bc_ppo_terminal_policy_inference,7311,750.0,True,2
R3,door_left,9,0.260,0.850,0.955,0.0000,1.0000,0.0000,3.469,4648,5.974,0.2620,6,-0.034,-0.268,0.1859,0.1522,0.7323,0.2810,0.1308,0.1185,1.2195,0.9758,47.18,1.3368,45.84,42.92,52.89,71.92,True,True,True,True,True,True,,90.0,True,flat_trained_bc_ppo_terminal_policy_inference,7312,482.1,True,1
R3,door_left,10,0.500,0.850,0.595,0.0000,1.0000,0.0000,3.470,4648,5.817,0.2620,9,+0.002,-0.314,0.2894,0.2240,1.5869,0.5928,0.1818,0.1724,1.9881,1.5599,49.80,2.0592,47.74,44.56,61.98,71.07,True,True,True,True,True,True,,90.0,True,flat_trained_bc_ppo_terminal_policy_inference,7313,742.6,True,2
R3,door_left,11,0.500,0.850,0.685,0.0000,1.0000,0.0000,3.469,4648,5.985,0.2620,6,+0.042,-0.265,0.2425,0.1668,1.3084,0.5956,0.1604,0.1309,1.5851,1.2456,47.39,1.3338,46.06,45.29,56.08,71.17,True,True,True,True,True,True,,90.0,True,flat_trained_bc_ppo_terminal_policy_inference,7314,481.2,True,1
R3,door_left,12,0.500,0.850,0.775,0.0000,1.0000,0.0000,3.471,4648,5.747,0.2620,9,-0.074,-0.334,0.2613,0.2082,1.4175,0.5149,0.1523,0.1653,1.8340,1.4540,43.22,2.0850,41.13,39.85,57.72,69.37,False,True,True,True,True,False,gu_below_target(69.4<70),90.0,True,flat_trained_bc_ppo_terminal_policy_inference,7315,751.7,True,2
R3,door_left,13,0.500,0.850,0.865,0.0000,1.0000,0.0000,3.470,4648,5.939,0.2620,6,-0.012,-0.279,0.2256,0.1720,1.1625,0.5764,0.1352,0.1350,1.5540,1.2361,44.62,1.3447,43.28,40.92,55.89,70.59,True,True,True,True,True,True,,90.0,True,flat_trained_bc_ppo_terminal_policy_inference,7316,484.9,True,1
R3,door_left,14,0.500,0.850,0.955,0.0000,1.0000,0.0000,3.471,4648,5.749,0.2620,9,-0.058,-0.334,0.2578,0.2079,1.3420,0.4768,0.1525,0.1582,1.7971,1.3653,44.99,2.0843,42.91,39.81,56.71,69.76,False,True,True,True,True,False,gu_below_target(69.8<70),90.0,True,flat_trained_bc_ppo_terminal_policy_inference,7317,751.6,True,2
R3,door_left,15,0.740,0.850,0.595,0.0000,1.0000,0.0000,3.470,4648,5.964,0.2620,6,-0.085,-0.271,0.1690,0.1244,0.6456,0.1354,0.1224,0.1007,1.0438,0.6698,42.89,1.3392,41.55,38.23,47.96,70.82,True,True,True,True,True,True,,90.0,True,flat_trained_bc_ppo_terminal_policy_inference,7318,482.9,True,1
R3,door_left,16,0.740,0.850,0.685,0.0000,1.0000,0.0000,3.471,4648,5.766,0.2620,9,-0.036,-0.329,0.2769,0.1948,1.5138,0.6386,0.1758,0.1489,1.8413,1.2358,46.52,2.0783,44.44,40.68,53.86,70.03,True,True,True,True,True,True,,90.0,True,flat_trained_bc_ppo_terminal_policy_inference,7319,749.3,True,2
R3,door_left,17,0.740,0.850,0.775,0.0000,1.0000,0.0000,3.470,4648,5.962,0.2620,6,+0.021,-0.272,0.2392,0.1943,1.3326,0.8182,0.1458,0.1480,1.7172,1.4194,47.72,1.3398,46.38,43.19,61.97,70.90,True,True,True,True,True,True,,90.0,True,flat_trained_bc_ppo_terminal_policy_inference,7320,483.1,True,1
R3,door_left,18,0.740,0.850,0.865,0.0000,1.0000,0.0000,3.469,4648,6.117,0.2620,3,-0.054,-0.227,0.1179,0.0840,0.5138,0.2282,0.0916,0.0656,0.7865,0.5973,42.12,0.6527,41.47,38.59,60.89,72.05,True,True,True,True,True,True,,90.0,True,flat_trained_bc_ppo_terminal_policy_inference,7321,235.5,True,0
R3,door_left,19,0.740,0.850,0.955,0.0000,1.0000,0.0000,3.471,4648,5.745,0.2620,9,-0.055,-0.335,0.2954,0.2205,1.5868,0.6588,0.1823,0.1745,1.9615,1.4068,42.06,2.0855,39.97,37.43,58.00,66.92,False,True,True,True,True,False,gu_below_target(66.9<70),90.0,True,flat_trained_bc_ppo_terminal_policy_inference,7322,752.0,True,2
R3,door_left,20,0.980,0.850,0.595,0.0000,1.0000,0.0000,3.470,4648,5.957,0.2620,6,-0.060,-0.273,0.1676,0.1421,0.7740,0.2433,0.1134,0.1125,1.1744,0.9215,44.16,1.3407,42.82,40.60,55.87,71.82,True,True,True,True,True,True,,90.0,True,flat_trained_bc_ppo_terminal_policy_inference,7323,483.5,True,1
R3,door_left,21,0.980,0.850,0.685,0.0000,1.0000,0.0000,3.468,4648,6.166,0.2620,3,+0.030,-0.213,0.1553,0.1135,0.7763,0.5498,0.1071,0.0827,1.0970,0.9248,49.19,0.6473,48.54,45.66,60.61,71.65,True,True,True,True,True,True,,90.0,True,flat_trained_bc_ppo_terminal_policy_inference,7324,233.6,True,0
R3,door_left,22,0.980,0.850,0.775,0.0000,1.0000,0.0000,3.469,4648,6.129,0.2620,3,-0.024,-0.223,0.1517,0.0887,0.6066,0.3599,0.1143,0.0676,0.9900,0.6366,44.28,0.6514,43.63,39.82,61.20,71.43,True,True,True,True,True,True,,90.0,True,flat_trained_bc_ppo_terminal_policy_inference,7325,235.0,True,0
R3,door_left,23,0.980,0.850,0.865,0.0000,1.0000,0.0000,3.471,4648,5.744,0.2620,9,-0.044,-0.335,0.2741,0.2001,1.3415,0.3297,0.1855,0.1515,1.6441,1.2790,45.32,2.0858,43.23,41.24,52.50,69.62,False,True,True,True,True,False,gu_below_target(69.6<70),90.0,True,flat_trained_bc_ppo_terminal_policy_inference,7326,752.1,True,2
R3,door_left,24,0.980,0.850,0.955,0.0000,1.0000,0.0000,3.469,4648,5.981,0.2620,6,-0.055,-0.266,0.1533,0.1323,0.8654,0.3974,0.1047,0.1049,1.0698,0.7266,45.75,1.3353,44.41,43.96,49.78,72.24,True,True,True,True,True,True,,90.0,True,flat_trained_bc_ppo_terminal_policy_inference,7327,481.6,True,1
R4,door_right,0,0.020,-0.850,0.595,0.0000,-1.0000,0.0000,3.469,4648,6.140,0.2620,3,-0.069,-0.220,0.1245,0.1087,0.3810,0.2064,0.0959,0.0839,0.8339,0.6989,42.03,0.6502,41.38,38.17,59.93,72.03,True,True,True,True,True,True,,90.0,True,flat_trained_bc_ppo_terminal_policy_inference,7404,234.6,True,0
R4,door_right,1,0.020,-0.850,0.685,0.0000,-1.0000,0.0000,3.470,4648,5.779,0.2620,9,-0.061,-0.325,0.2658,0.1968,1.2267,0.2640,0.1779,0.1511,1.5297,1.1648,44.88,2.0733,42.81,40.37,52.82,70.49,True,True,True,True,True,True,,90.0,True,flat_trained_bc_ppo_terminal_policy_inference,7405,747.6,True,2
R4,door_right,2,0.020,-0.850,0.775,0.0000,-1.0000,0.0000,3.469,4648,6.133,0.2620,3,-0.011,-0.222,0.1074,0.0853,0.8340,0.5124,0.0724,0.0673,0.9044,0.6523,46.79,0.6509,46.14,43.12,63.13,72.97,True,True,True,True,True,True,,90.0,True,flat_trained_bc_ppo_terminal_policy_inference,7406,234.8,True,0
R4,door_right,3,0.020,-0.850,0.865,0.0000,-1.0000,0.0000,3.469,4648,5.982,0.2620,6,+0.017,-0.266,0.2293,0.1590,0.9625,0.4016,0.1535,0.1270,1.3341,0.9090,47.77,1.3351,46.43,43.36,58.19,71.31,True,True,True,True,True,True,,90.0,True,flat_trained_bc_ppo_terminal_policy_inference,7407,481.5,True,1
R4,door_right,4,0.020,-0.850,0.955,0.0000,-1.0000,0.0000,3.470,4648,5.779,0.2620,9,-0.001,-0.325,0.3347,0.2552,1.8691,0.8713,0.1926,0.2009,2.2330,1.8263,44.85,2.0732,42.78,40.08,52.42,68.39,False,False,True,True,True,False,gu_below_target(68.4<70);ra_above_target(0.201>0.20),90.0,True,flat_trained_bc_ppo_terminal_policy_inference,7408,747.6,True,2
R4,door_right,5,0.260,-0.850,0.595,0.0000,-1.0000,0.0000,3.468,4648,6.169,0.2620,3,-0.042,-0.212,0.1271,0.1011,0.4180,0.2059,0.0960,0.0782,0.8103,0.6443,44.95,0.6471,44.30,40.92,51.20,71.87,True,True,True,True,True,True,,90.0,True,flat_trained_bc_ppo_terminal_policy_inference,7409,233.5,True,0
R4,door_right,6,0.260,-0.850,0.685,0.0000,-1.0000,0.0000,3.470,4648,5.963,0.2620,6,-0.102,-0.272,0.1584,0.1226,0.5558,0.1054,0.1200,0.0967,1.0242,0.7032,42.35,1.3393,41.01,37.30,58.35,70.90,True,True,True,True,True,True,,90.0,True,flat_trained_bc_ppo_terminal_policy_inference,7410,483.0,True,1
R4,door_right,7,0.260,-0.850,0.775,0.0000,-1.0000,0.0000,3.469,4648,6.114,0.2620,3,-0.057,-0.228,0.1204,0.0878,0.6358,0.4018,0.0832,0.0674,0.8947,0.6183,41.10,0.6530,40.45,37.85,58.04,70.73,True,True,True,True,True,True,,90.0,True,flat_trained_bc_ppo_terminal_policy_inference,7411,235.6,True,0
R4,door_right,8,0.260,-0.850,0.865,0.0000,-1.0000,0.0000,3.470,4648,5.808,0.2620,9,-0.044,-0.316,0.2709,0.2092,1.2718,0.2969,0.1854,0.1619,1.6761,1.2408,47.40,2.0630,45.34,42.72,51.14,70.64,True,True,True,True,True,True,,90.0,True,flat_trained_bc_ppo_terminal_policy_inference,7412,743.9,True,2
R4,door_right,9,0.260,-0.850,0.955,0.0000,-1.0000,0.0000,3.470,4648,5.856,0.2620,9,+0.013,-0.302,0.3107,0.2412,1.6147,0.7222,0.1914,0.1838,2.1731,1.7255,49.76,2.0454,47.71,47.17,60.08,70.80,True,True,True,True,True,True,,90.0,True,flat_trained_bc_ppo_terminal_policy_inference,7413,737.7,True,2
R4,door_right,10,0.500,-0.850,0.595,0.0000,-1.0000,0.0000,3.470,4648,5.808,0.2620,9,+0.029,-0.316,0.3879,0.2650,1.7815,0.7416,0.2589,0.2047,2.1589,1.8971,45.06,2.0627,43.00,38.99,48.36,66.32,False,False,True,True,True,False,gu_below_target(66.3<70);ra_above_target(0.205>0.20),90.0,True,flat_trained_bc_ppo_terminal_policy_inference,7414,743.8,True,2
R4,door_right,11,0.500,-0.850,0.685,0.0000,-1.0000,0.0000,3.470,4648,5.806,0.2620,9,-0.005,-0.317,0.3309,0.2303,1.5217,0.5457,0.2275,0.1814,1.8424,1.5818,46.44,2.0632,44.38,41.70,50.66,69.20,False,True,True,True,True,False,gu_below_target(69.2<70),90.0,True,flat_trained_bc_ppo_terminal_policy_inference,7415,744.1,True,2
R4,door_right,12,0.500,-0.850,0.775,0.0000,-1.0000,0.0000,3.470,4648,5.916,0.2620,6,-0.057,-0.285,0.2369,0.1744,1.1191,0.5556,0.1492,0.1332,1.5914,1.1998,40.16,1.3501,38.81,35.66,50.68,66.08,False,True,True,True,True,False,gu_below_target(66.1<70);clearcoat_budget_exhausted,90.0,True,flat_trained_bc_ppo_terminal_policy_inference,7416,486.8,True,1
R4,door_right,13,0.500,-0.850,0.865,0.0000,-1.0000,0.0000,3.471,4648,5.724,0.2620,9,-0.117,-0.341,0.2302,0.1945,1.2902,0.3279,0.1426,0.1526,1.5896,1.1249,40.46,2.0932,38.37,35.78,51.12,64.75,False,True,True,True,True,False,gu_below_target(64.7<70),90.0,True,flat_trained_bc_ppo_terminal_policy_inference,7417,754.7,True,2
R4,door_right,14,0.500,-0.850,0.955,0.0000,-1.0000,0.0000,3.470,4648,5.831,0.2620,9,+0.041,-0.310,0.3904,0.2823,1.8219,0.9178,0.2426,0.2171,2.2709,1.9516,47.37,2.0548,45.32,41.56,48.85,67.17,False,False,True,True,True,False,gu_below_target(67.2<70);ra_above_target(0.217>0.20),90.0,True,flat_trained_bc_ppo_terminal_policy_inference,7418,741.0,True,2
R4,door_right,15,0.740,-0.850,0.595,0.0000,-1.0000,0.0000,3.468,4648,6.216,0.2620,3,+0.038,-0.198,0.2736,0.1911,1.1380,0.9165,0.1880,0.1295,1.6115,1.3429,40.10,0.6422,39.46,35.64,55.72,62.94,False,True,True,True,True,False,gu_below_target(62.9<70);clearcoat_budget_exhausted,90.0,True,flat_trained_bc_ppo_terminal_policy_inference,7419,231.7,True,0
R4,door_right,16,0.740,-0.850,0.685,0.0000,-1.0000,0.0000,3.468,4648,6.194,0.2620,3,-0.005,-0.205,0.1536,0.1185,0.8317,0.5157,0.0999,0.0853,1.0802,0.8850,44.11,0.6444,43.47,42.75,67.97,72.19,True,True,True,True,True,True,,90.0,True,flat_trained_bc_ppo_terminal_policy_inference,7420,232.5,True,0
R4,door_right,17,0.740,-0.850,0.775,0.0000,-1.0000,0.0000,3.469,4648,6.146,0.2620,3,-0.040,-0.219,0.1525,0.1055,0.6589,0.3656,0.1130,0.0806,0.9925,0.7822,41.16,0.6496,40.51,37.46,61.23,70.63,True,True,True,True,True,True,,90.0,True,flat_trained_bc_ppo_terminal_policy_inference,7421,234.4,True,0
R4,door_right,18,0.740,-0.850,0.865,0.0000,-1.0000,0.0000,3.470,4648,5.791,0.2620,9,+0.046,-0.321,0.3257,0.2424,1.6492,0.6391,0.1821,0.1927,1.8730,1.4987,48.80,2.0693,46.73,44.91,54.77,69.02,False,True,True,True,True,False,gu_below_target(69.0<70),90.0,True,flat_trained_bc_ppo_terminal_policy_inference,7422,746.0,True,2
R4,door_right,19,0.740,-0.850,0.955,0.0000,-1.0000,0.0000,3.471,4648,5.758,0.2620,9,-0.046,-0.331,0.2665,0.2194,1.6800,0.7148,0.1682,0.1673,2.0226,1.4834,45.22,2.0809,43.14,39.68,52.20,69.96,False,True,True,True,True,False,gu_below_target(70.0<70),90.0,True,flat_trained_bc_ppo_terminal_policy_inference,7423,750.3,True,2
R4,door_right,20,0.980,-0.850,0.595,0.0000,-1.0000,0.0000,3.470,4648,5.921,0.2620,6,-0.044,-0.284,0.2042,0.1535,0.9641,0.4238,0.1323,0.1188,1.4129,1.0797,43.53,1.3489,42.18,40.01,59.16,70.34,True,True,True,True,True,True,,90.0,True,flat_trained_bc_ppo_terminal_policy_inference,7424,486.5,True,1
R4,door_right,21,0.980,-0.850,0.685,0.0000,-1.0000,0.0000,3.469,4648,5.992,0.2620,6,+0.006,-0.263,0.2361,0.1757,0.9291,0.3453,0.1663,0.1386,1.3502,1.0573,47.46,1.3328,46.13,43.73,54.14,70.99,True,True,True,True,True,True,,90.0,True,flat_trained_bc_ppo_terminal_policy_inference,7425,480.6,True,1
R4,door_right,22,0.980,-0.850,0.775,0.0000,-1.0000,0.0000,3.469,4648,5.974,0.2620,6,-0.111,-0.268,0.1502,0.1428,0.4696,0.0808,0.1115,0.1054,1.0729,0.8689,41.27,1.3369,39.93,37.94,51.02,70.82,True,True,True,True,True,True,,90.0,True,flat_trained_bc_ppo_terminal_policy_inference,7426,482.1,True,1
R4,door_right,23,0.980,-0.850,0.865,0.0000,-1.0000,0.0000,3.470,4648,5.799,0.2620,9,+0.003,-0.319,0.3252,0.2189,1.3972,0.4700,0.2194,0.1746,1.8777,1.2597,47.42,2.0662,45.35,42.34,50.50,69.38,False,True,True,True,True,False,gu_below_target(69.4<70),90.0,True,flat_trained_bc_ppo_terminal_policy_inference,7427,745.1,True,2
R4,door_right,24,0.980,-0.850,0.955,0.0000,-1.0000,0.0000,3.469,4648,6.158,0.2620,3,-0.038,-0.215,0.1345,0.0904,0.3539,0.1656,0.1040,0.0694,0.8095,0.5879,45.33,0.6484,44.68,41.16,60.40,71.71,True,True,True,True,True,True,,90.0,True,flat_trained_bc_ppo_terminal_policy_inference,7428,233.9,True,0
R5,fender_left,0,1.960,0.725,0.640,0.1500,0.9703,0.1900,3.469,4648,5.980,0.2620,6,-0.035,-0.267,0.1826,0.1464,0.8351,0.2296,0.1202,0.1152,1.1341,0.9223,45.66,1.3353,44.32,42.07,52.27,71.77,True,True,True,True,True,True,,79.0,True,flat_trained_bc_ppo_terminal_policy_inference,7505,481.6,True,1
R5,fender_left,1,1.960,0.735,0.700,0.1500,0.9703,0.1900,3.469,4648,6.121,0.2620,3,-0.051,-0.226,0.1556,0.1268,1.0472,0.7888,0.1021,0.0871,1.0425,0.7811,40.50,0.6523,39.85,36.16,61.97,70.08,True,True,True,True,True,True,,79.0,True,flat_trained_bc_ppo_terminal_policy_inference,7506,235.3,True,0
R5,fender_left,2,1.960,0.745,0.760,0.1500,0.9703,0.1900,3.468,4648,6.172,0.2620,3,+0.031,-0.211,0.2133,0.1793,1.5203,1.1818,0.1175,0.1083,1.7083,1.5118,45.12,0.6469,44.47,41.35,66.49,70.20,True,True,True,True,True,True,,79.0,True,flat_trained_bc_ppo_terminal_policy_inference,7507,233.4,True,0
R5,fender_left,3,1.960,0.755,0.820,0.1500,0.9703,0.1900,3.471,4648,5.733,0.2620,9,-0.040,-0.338,0.3372,0.2206,1.4980,0.5812,0.2196,0.1676,1.9861,1.2959,41.93,2.0896,39.84,36.29,47.31,65.76,False,True,True,True,True,False,gu_below_target(65.8<70),79.0,True,flat_trained_bc_ppo_terminal_policy_inference,7508,753.6,True,2
R5,fender_left,4,1.960,0.765,0.880,0.1500,0.9703,0.1900,3.471,4648,5.752,0.2620,9,-0.102,-0.333,0.2710,0.1848,1.2378,0.3142,0.1849,0.1410,1.5557,1.1968,40.98,2.0828,38.90,36.22,56.88,66.50,False,True,True,True,True,False,gu_below_target(66.5<70),79.0,True,flat_trained_bc_ppo_terminal_policy_inference,7509,751.1,True,2
R5,fender_left,5,2.080,0.725,0.660,0.1500,0.9703,0.1900,3.470,4648,5.796,0.2620,9,+0.015,-0.320,0.3059,0.2352,1.5612,0.5954,0.2066,0.1833,1.9205,1.5918,48.27,2.0675,46.20,44.01,53.69,70.18,True,True,True,True,True,True,,79.0,True,flat_trained_bc_ppo_terminal_policy_inference,7510,745.4,True,2
R5,fender_left,6,2.080,0.735,0.720,0.1500,0.9703,0.1900,3.471,4648,5.737,0.2620,9,-0.045,-0.337,0.2608,0.2192,1.3498,0.6134,0.1558,0.1696,1.7817,1.4235,45.18,2.0889,43.09,39.65,56.97,69.67,False,True,True,True,True,False,gu_below_target(69.7<70),79.0,True,flat_trained_bc_ppo_terminal_policy_inference,7511,753.1,True,2
R5,fender_left,7,2.080,0.745,0.780,0.1500,0.9703,0.1900,3.470,4648,5.955,0.2620,6,-0.036,-0.274,0.1806,0.1438,0.8450,0.2602,0.1218,0.1137,1.0982,0.7785,44.74,1.3411,43.40,41.05,52.72,71.78,True,True,True,True,True,True,,79.0,True,flat_trained_bc_ppo_terminal_policy_inference,7512,483.6,True,1
R5,fender_left,8,2.080,0.755,0.840,0.1500,0.9703,0.1900,3.471,4648,5.736,0.2620,9,-0.037,-0.337,0.3239,0.2236,1.5593,0.5202,0.2127,0.1775,1.9752,1.4510,43.10,2.0888,41.01,37.24,48.48,67.07,False,True,True,True,True,False,gu_below_target(67.1<70),79.0,True,flat_trained_bc_ppo_terminal_policy_inference,7513,753.2,True,2
R5,fender_left,9,2.080,0.765,0.900,0.1500,0.9703,0.1900,3.469,4648,5.974,0.2620,6,-0.003,-0.268,0.2121,0.1611,0.9752,0.3643,0.1424,0.1251,1.3502,1.0618,46.82,1.3369,45.48,45.02,53.79,71.72,True,True,True,True,True,True,,79.0,True,flat_trained_bc_ppo_terminal_policy_inference,7514,482.1,True,1
R5,fender_left,10,2.200,0.725,0.680,0.1500,0.9703,0.1900,3.469,4648,6.127,0.2620,3,+0.054,-0.224,0.1649,0.1081,0.8826,0.5883,0.1074,0.0771,1.1613,0.8964,48.27,0.6515,47.62,45.74,64.47,71.78,True,True,True,True,True,True,,79.0,True,flat_trained_bc_ppo_terminal_policy_inference,7515,235.1,True,0
R5,fender_left,11,2.200,0.735,0.740,0.1500,0.9703,0.1900,3.470,4648,5.804,0.2620,9,+0.036,-0.318,0.3246,0.2348,1.6906,0.6892,0.1823,0.1816,2.1924,1.6266,49.37,2.0644,47.31,44.63,60.31,70.26,True,True,True,True,True,True,,79.0,True,flat_trained_bc_ppo_terminal_policy_inference,7516,744.4,True,2
R5,fender_left,12,2.200,0.745,0.800,0.1500,0.9703,0.1900,3.471,4648,5.741,0.2620,9,-0.098,-0.336,0.2372,0.1942,1.6652,0.8128,0.1379,0.1506,1.8457,1.3863,41.47,2.0868,39.38,36.99,61.95,67.48,False,True,True,True,True,False,gu_below_target(67.5<70),79.0,True,flat_trained_bc_ppo_terminal_policy_inference,7517,752.6,True,2
R5,fender_left,13,2.200,0.755,0.860,0.1500,0.9703,0.1900,3.470,4648,5.784,0.2620,9,-0.004,-0.324,0.3400,0.2520,1.4697,0.5492,0.2149,0.2002,1.8814,1.5886,45.29,2.0722,43.22,41.51,50.70,68.73,False,False,True,True,True,False,gu_below_target(68.7<70);ra_above_target(0.200>0.20),79.0,True,flat_trained_bc_ppo_terminal_policy_inference,7518,747.0,True,2
R5,fender_left,14,2.200,0.765,0.920,0.1500,0.9703,0.1900,3.469,4648,6.130,0.2620,3,-0.043,-0.223,0.1428,0.0961,0.7148,0.4096,0.0995,0.0729,0.9780,0.7411,41.61,0.6512,40.96,37.18,57.15,70.09,True,True,True,True,True,True,,79.0,True,flat_trained_bc_ppo_terminal_policy_inference,7519,235.0,True,0
R5,fender_left,15,2.320,0.725,0.700,0.1500,0.9703,0.1900,3.469,4648,6.141,0.2620,3,+0.010,-0.220,0.1441,0.0882,0.6450,0.4777,0.1075,0.0681,0.9942,0.7050,47.28,0.6500,46.63,43.71,52.28,70.06,True,True,True,True,True,True,,79.0,True,flat_trained_bc_ppo_terminal_policy_inference,7520,234.5,True,0
R5,fender_left,16,2.320,0.735,0.760,0.1500,0.9703,0.1900,3.469,4648,6.144,0.2620,3,-0.007,-0.219,0.1863,0.1456,0.9822,0.6402,0.1205,0.1033,1.2745,1.0886,40.24,0.6498,39.59,39.28,63.43,70.21,True,True,True,True,True,True,,79.0,True,flat_trained_bc_ppo_terminal_policy_inference,7521,234.4,True,0
R5,fender_left,17,2.320,0.745,0.820,0.1500,0.9703,0.1900,3.469,4648,6.133,0.2620,3,-0.023,-0.222,0.1179,0.0802,0.7680,0.4809,0.0848,0.0612,0.8244,0.5603,44.68,0.6511,44.03,41.69,63.90,72.76,True,True,True,True,True,True,,79.0,True,flat_trained_bc_ppo_terminal_policy_inference,7522,234.9,True,0
R5,fender_left,18,2.320,0.755,0.880,0.1500,0.9703,0.1900,3.469,4648,5.991,0.2620,6,+0.032,-0.263,0.2545,0.1756,1.1211,0.5229,0.1741,0.1393,1.4553,1.0760,46.58,1.3328,45.25,44.73,56.55,70.65,True,True,True,True,True,True,,79.0,True,flat_trained_bc_ppo_terminal_policy_inference,7523,480.7,True,1
R5,fender_left,19,2.320,0.765,0.940,0.1500,0.9703,0.1900,3.470,4648,5.781,0.2620,9,+0.017,-0.324,0.3383,0.2295,1.5435,0.6356,0.2142,0.1815,1.8906,1.5152,47.83,2.0725,45.76,43.53,50.31,68.94,False,True,True,True,True,False,gu_below_target(68.9<70),79.0,True,flat_trained_bc_ppo_terminal_policy_inference,7524,747.3,True,2
R5,fender_left,20,2.440,0.725,0.720,0.1500,0.9703,0.1900,3.469,4648,5.990,0.2620,6,+0.007,-0.264,0.2005,0.1380,0.9119,0.3561,0.1398,0.1059,1.3145,0.9519,48.73,1.3332,47.40,46.97,55.28,72.38,True,True,True,True,True,True,,79.0,True,flat_trained_bc_ppo_terminal_policy_inference,7525,480.8,True,1
R5,fender_left,21,2.440,0.735,0.780,0.1500,0.9703,0.1900,3.470,4648,5.949,0.2620,6,-0.058,-0.276,0.1988,0.1442,1.7884,1.2002,0.1234,0.1126,1.6659,1.1312,42.12,1.3423,40.78,38.76,56.44,70.06,True,True,True,True,True,True,,79.0,True,flat_trained_bc_ppo_terminal_policy_inference,7526,484.2,True,1
R5,fender_left,22,2.440,0.745,0.840,0.1500,0.9703,0.1900,3.469,4648,6.161,0.2620,3,+0.002,-0.214,0.1398,0.0892,0.4490,0.2175,0.1094,0.0717,0.8556,0.5181,48.35,0.6480,47.70,45.04,58.86,72.30,True,True,True,True,True,True,,79.0,True,flat_trained_bc_ppo_terminal_policy_inference,7527,233.8,True,0
R5,fender_left,23,2.440,0.755,0.900,0.1500,0.9703,0.1900,3.471,4648,5.712,0.2620,9,-0.059,-0.344,0.2987,0.2544,1.7103,0.8236,0.1751,0.1981,2.3853,1.9348,41.45,2.0979,39.35,37.32,64.23,66.93,False,True,True,True,True,False,gu_below_target(66.9<70),79.0,True,flat_trained_bc_ppo_terminal_policy_inference,7528,756.3,True,2
R5,fender_left,24,2.440,0.765,0.960,0.1500,0.9703,0.1900,3.470,4648,5.947,0.2620,6,-0.063,-0.276,0.1816,0.1428,0.9204,0.3160,0.1227,0.1098,1.3080,0.8833,42.36,1.3431,41.02,40.62,55.61,71.34,True,True,True,True,True,True,,79.0,True,flat_trained_bc_ppo_terminal_policy_inference,7529,484.3,True,1
R6,fender_right,0,1.960,-0.725,0.640,0.1500,-0.9703,0.1900,3.469,4648,6.157,0.2620,3,-0.030,-0.215,0.1230,0.0925,0.4969,0.1672,0.0936,0.0730,0.7289,0.5719,45.25,0.6484,44.60,40.34,58.15,72.35,True,True,True,True,True,True,,79.0,True,flat_trained_bc_ppo_terminal_policy_inference,7606,233.9,True,0
R6,fender_right,1,1.960,-0.735,0.700,0.1500,-0.9703,0.1900,3.469,4648,6.142,0.2620,3,-0.032,-0.220,0.1473,0.1001,0.5129,0.3154,0.1119,0.0779,0.9557,0.6758,44.34,0.6500,43.69,40.33,50.82,70.44,True,True,True,True,True,True,,79.0,True,flat_trained_bc_ppo_terminal_policy_inference,7607,234.5,True,0
R6,fender_right,2,1.960,-0.745,0.760,0.1500,-0.9703,0.1900,3.469,4648,5.989,0.2620,6,-0.007,-0.264,0.1891,0.1435,0.7629,0.2538,0.1346,0.1116,1.1785,0.9001,49.30,1.3334,47.97,44.92,57.29,72.62,True,True,True,True,True,True,,79.0,True,flat_trained_bc_ppo_terminal_policy_inference,7608,480.9,True,1
R6,fender_right,3,1.960,-0.755,0.820,0.1500,-0.9703,0.1900,3.469,4648,6.157,0.2620,3,-0.002,-0.215,0.1200,0.0806,0.5976,0.3443,0.0833,0.0632,0.8840,0.5352,47.57,0.6484,46.92,43.75,63.03,72.76,True,True,True,True,True,True,,79.0,True,flat_trained_bc_ppo_terminal_policy_inference,7609,233.9,True,0
R6,fender_right,4,1.960,-0.765,0.880,0.1500,-0.9703,0.1900,3.470,4648,5.783,0.2620,9,-0.067,-0.324,0.2932,0.2208,1.1572,0.3424,0.2100,0.1689,1.7768,1.3429,43.80,2.0715,41.73,39.44,52.78,69.07,False,True,True,True,True,False,gu_below_target(69.1<70),79.0,True,flat_trained_bc_ppo_terminal_policy_inference,7610,747.1,True,2
R6,fender_right,5,2.080,-0.725,0.660,0.1500,-0.9703,0.1900,3.471,4648,5.756,0.2620,9,-0.051,-0.332,0.2981,0.2315,1.3305,0.4196,0.2048,0.1828,1.7402,1.3906,42.84,2.0816,40.76,37.86,50.12,67.93,False,True,True,True,True,False,gu_below_target(67.9<70),79.0,True,flat_trained_bc_ppo_terminal_policy_inference,7611,750.5,True,2
R6,fender_right,6,2.080,-0.735,0.720,0.1500,-0.9703,0.1900,3.470,4648,5.781,0.2620,9,-0.034,-0.324,0.2975,0.2181,1.2554,0.3934,0.2020,0.1717,1.8527,1.3638,46.05,2.0724,43.98,40.85,52.48,69.83,False,True,True,True,True,False,gu_below_target(69.8<70),79.0,True,flat_trained_bc_ppo_terminal_policy_inference,7612,747.3,True,2
R6,fender_right,7,2.080,-0.745,0.780,0.1500,-0.9703,0.1900,3.470,4648,5.950,0.2620,6,-0.062,-0.275,0.1566,0.1429,0.7294,0.2388,0.1015,0.1129,0.9841,0.8249,43.95,1.3424,42.61,39.34,53.38,71.73,True,True,True,True,True,True,,79.0,True,flat_trained_bc_ppo_terminal_policy_inference,7613,484.1,True,1
R6,fender_right,8,2.080,-0.755,0.840,0.1500,-0.9703,0.1900,3.468,4648,6.167,0.2620,3,-0.019,-0.212,0.1345,0.0806,0.4732,0.2228,0.1021,0.0611,0.8624,0.5895,46.63,0.6473,45.98,43.33,63.06,72.98,True,True,True,True,True,True,,79.0,True,flat_trained_bc_ppo_terminal_policy_inference,7614,233.5,True,0
R6,fender_right,9,2.080,-0.765,0.900,0.1500,-0.9703,0.1900,3.471,4648,5.705,0.2620,9,-0.089,-0.346,0.2389,0.1836,1.3270,0.3270,0.1453,0.1408,1.7481,1.0570,40.75,2.1004,38.65,36.34,58.99,66.28,False,True,True,True,True,False,gu_below_target(66.3<70),79.0,True,flat_trained_bc_ppo_terminal_policy_inference,7615,757.3,True,2
R6,fender_right,10,2.200,-0.725,0.680,0.1500,-0.9703,0.1900,3.469,4648,6.156,0.2620,3,+0.050,-0.216,0.1471,0.1007,0.7129,0.4104,0.1000,0.0774,0.9236,0.6870,48.70,0.6485,48.05,46.22,59.73,71.43,True,True,True,True,True,True,,79.0,True,flat_trained_bc_ppo_terminal_policy_inference,7616,234.0,True,0
R6,fender_right,11,2.200,-0.735,0.740,0.1500,-0.9703,0.1900,3.471,4648,5.715,0.2620,9,-0.058,-0.343,0.2603,0.1963,1.3419,0.5285,0.1619,0.1538,1.6773,1.2681,43.94,2.0966,41.84,38.40,55.83,68.99,False,True,True,True,True,False,gu_below_target(69.0<70),79.0,True,flat_trained_bc_ppo_terminal_policy_inference,7617,755.9,True,2
R6,fender_right,12,2.200,-0.745,0.800,0.1500,-0.9703,0.1900,3.470,4648,5.826,0.2620,9,+0.014,-0.311,0.3689,0.2541,1.4625,0.5063,0.2553,0.2005,1.8088,1.5165,45.63,2.0568,43.57,41.15,47.69,67.99,False,False,True,True,True,False,gu_below_target(68.0<70);ra_above_target(0.201>0.20),79.0,True,flat_trained_bc_ppo_terminal_policy_inference,7618,741.6,True,2
R6,fender_right,13,2.200,-0.755,0.860,0.1500,-0.9703,0.1900,3.470,4648,5.934,0.2620,6,-0.027,-0.280,0.2587,0.1682,1.1841,0.4623,0.1734,0.1356,1.4559,1.0507,40.06,1.3454,38.71,35.91,50.57,65.93,False,True,True,True,True,False,gu_below_target(65.9<70);clearcoat_budget_exhausted,79.0,True,flat_trained_bc_ppo_terminal_policy_inference,7619,485.3,True,1
R6,fender_right,14,2.200,-0.765,0.920,0.1500,-0.9703,0.1900,3.469,4648,5.983,0.2620,6,+0.019,-0.266,0.2446,0.1532,1.3331,0.6020,0.1700,0.1178,1.6823,1.0689,48.03,1.3347,46.70,45.63,47.98,71.01,True,True,True,True,True,True,,79.0,True,flat_trained_bc_ppo_terminal_policy_inference,7620,481.4,True,1
R6,fender_right,15,2.320,-0.725,0.700,0.1500,-0.9703,0.1900,3.469,4648,6.102,0.2620,3,-0.007,-0.231,0.1588,0.1159,0.7858,0.5395,0.1122,0.0870,1.1432,0.8967,43.31,0.6543,42.66,40.17,59.00,70.15,True,True,True,True,True,True,,79.0,True,flat_trained_bc_ppo_terminal_policy_inference,7621,236.0,True,0
R6,fender_right,16,2.320,-0.735,0.760,0.1500,-0.9703,0.1900,3.470,4648,5.819,0.2620,9,+0.011,-0.313,0.3165,0.2529,1.5930,0.6812,0.1898,0.1945,2.0868,1.7398,48.81,2.0591,46.75,44.24,56.73,70.20,True,True,True,True,True,True,,79.0,True,flat_trained_bc_ppo_terminal_policy_inference,7622,742.5,True,2
R6,fender_right,17,2.320,-0.745,0.820,0.1500,-0.9703,0.1900,3.470,4648,5.964,0.2620,6,-0.119,-0.271,0.1521,0.1399,0.6294,0.1154,0.1181,0.1091,0.9521,0.7153,40.84,1.3393,39.50,36.19,60.26,69.84,False,True,True,True,True,False,gu_below_target(69.8<70),79.0,True,flat_trained_bc_ppo_terminal_policy_inference,7623,483.0,True,1
R6,fender_right,18,2.320,-0.755,0.880,0.1500,-0.9703,0.1900,3.469,4648,6.122,0.2620,3,-0.050,-0.225,0.1369,0.1076,0.5933,0.3295,0.1003,0.0857,0.8932,0.6991,41.46,0.6522,40.81,38.88,57.30,70.94,True,True,True,True,True,True,,79.0,True,flat_trained_bc_ppo_terminal_policy_inference,7624,235.3,True,0
R6,fender_right,19,2.320,-0.765,0.940,0.1500,-0.9703,0.1900,3.469,4648,5.980,0.2620,6,-0.050,-0.267,0.2075,0.1689,0.7341,0.2069,0.1496,0.1355,1.1955,0.9275,44.12,1.3355,42.78,39.87,54.45,70.87,True,True,True,True,True,True,,79.0,True,flat_trained_bc_ppo_terminal_policy_inference,7625,481.6,True,1
R6,fender_right,20,2.440,-0.725,0.720,0.1500,-0.9703,0.1900,3.469,4648,6.153,0.2620,3,+0.023,-0.216,0.1917,0.1365,1.2177,0.9278,0.1286,0.0921,1.4692,1.2453,44.72,0.6487,44.07,42.50,61.67,70.30,True,True,True,True,True,True,,79.0,True,flat_trained_bc_ppo_terminal_policy_inference,7626,234.1,True,0
R6,fender_right,21,2.440,-0.735,0.780,0.1500,-0.9703,0.1900,3.470,4648,5.933,0.2620,6,-0.058,-0.280,0.1859,0.1373,1.0762,0.4036,0.1286,0.1094,1.3218,0.8628,42.90,1.3461,41.55,38.88,53.69,70.61,True,True,True,True,True,True,,79.0,True,flat_trained_bc_ppo_terminal_policy_inference,7627,485.4,True,1
R6,fender_right,22,2.440,-0.745,0.840,0.1500,-0.9703,0.1900,3.470,4648,5.811,0.2620,9,-0.033,-0.316,0.3373,0.2357,1.3831,0.5510,0.2368,0.1880,1.7969,1.3930,42.20,2.0615,40.14,39.10,48.34,67.83,False,True,True,True,True,False,gu_below_target(67.8<70),79.0,True,flat_trained_bc_ppo_terminal_policy_inference,7628,743.4,True,2
R6,fender_right,23,2.440,-0.755,0.900,0.1500,-0.9703,0.1900,3.469,4648,5.994,0.2620,6,+0.050,-0.263,0.2637,0.1700,1.2537,0.7464,0.1728,0.1304,1.7131,1.1950,49.63,1.3322,48.30,45.77,55.87,70.09,True,True,True,True,True,True,,79.0,True,flat_trained_bc_ppo_terminal_policy_inference,7629,480.5,True,1
R6,fender_right,24,2.440,-0.765,0.960,0.1500,-0.9703,0.1900,3.469,4648,5.991,0.2620,6,-0.043,-0.263,0.1823,0.1401,0.7025,0.1770,0.1332,0.1052,1.1635,0.8901,46.62,1.3331,45.29,44.26,49.20,72.15,True,True,True,True,True,True,,79.0,True,flat_trained_bc_ppo_terminal_policy_inference,7630,480.8,True,1
